date,sentiment_score
2026-02-14 11:26:44,-0.128599
2026-02-14 11:26:50,0.231182
2026-02-14 11:26:53,0.046703
2026-02-14 11:27:00,0.0683
2026-02-14 11:27:05,0.876418
2026-02-14 11:27:08,0.236058
2026-02-14 11:27:09,0.513163
2026-02-14 11:27:10,-0.700039
2026-02-14 11:27:11,0.114457
2026-02-14 11:27:19,0.42117
2026-02-14 11:27:20,0.369289
2026-02-14 11:27:22,-0.23558
2026-02-14 11:27:23,0.041236
2026-02-14 11:27:23,-0.254004
2026-02-14 11:27:23,-0.286023
2026-02-14 11:27:24,0.434988
2026-02-14 11:27:24,0.275452
2026-02-14 11:27:27,0.293932
2026-02-14 11:27:29,-0.201723
2026-02-14 11:27:30,0.049635
2026-02-14 11:27:31,0.43273
2026-02-14 11:27:32,-0.254657
2026-02-14 11:27:32,0.489799
2026-02-14 11:27:32,-0.216144
2026-02-14 11:27:34,0.039165
2026-02-14 11:27:35,0.305331
2026-02-14 11:27:36,0.005264
2026-02-14 11:27:38,0.104175
2026-02-14 11:27:39,0.310146
2026-02-14 11:27:39,0.472827
2026-02-14 11:27:39,-0.203104
2026-02-14 11:27:41,0.46483
2026-02-14 11:27:41,0.111016
2026-02-14 11:27:43,0.289998
2026-02-14 11:27:44,-0.075792
2026-02-14 11:27:45,0.450887
2026-02-14 11:27:45,0.226909
2026-02-14 11:27:47,-0.641477
2026-02-14 11:27:47,0.452321
2026-02-14 11:27:49,0.338251
2026-02-14 11:27:49,-0.246547
2026-02-14 11:27:49,0.41228
2026-02-14 11:27:52,0.846447
2026-02-14 11:27:52,0.046595
2026-02-14 11:27:54,0.147403
2026-02-14 11:27:54,0.492987
2026-02-14 11:27:54,-0.42739
2026-02-14 11:27:56,0.015767
2026-02-14 11:28:02,0.168641
2026-02-14 11:28:04,0.486343
2026-02-14 11:28:05,0.188843
2026-02-14 11:28:08,0.231171
2026-02-14 11:28:10,0.093631
2026-02-14 11:28:10,0.807533
2026-02-14 11:28:11,0.04067
2026-02-14 11:28:15,0.493509
2026-02-14 11:28:20,-0.059466
2026-02-14 11:28:22,0.032789
2026-02-14 11:28:25,-0.238763
2026-02-14 11:28:29,0.29583
2026-02-14 11:28:29,0.181365
2026-02-14 11:28:29,-0.82631
2026-02-14 11:28:37,-0.479145
2026-02-14 11:29:32,0.031233
2026-02-14 11:31:00,-0.207511
2026-02-14 11:31:31,0.409203
2026-02-14 11:31:34,0.20803
2026-02-14 11:33:38,0.272432
2026-02-14 11:38:00,0.003491
2026-02-14 11:40:00,0.339752
2026-02-14 11:41:22,-0.050267
2026-02-14 11:41:25,0.281736
2026-02-14 11:42:00,0.43743
2026-02-14 11:42:47,0.517015
2026-02-14 11:43:19,0.042502
2026-02-14 11:43:25,0.101195
2026-02-14 11:43:25,-0.051831
2026-02-14 11:44:00,0.337985
2026-02-14 11:48:00,0.010468
2026-02-14 11:52:00,0.148923
2026-02-14 11:52:46,0.223447
2026-02-14 11:52:47,0.242411
2026-02-14 11:52:48,0.123341
2026-02-14 11:52:51,0.298855
2026-02-14 11:52:53,0.074221
2026-02-14 11:53:05,0.498277
2026-02-14 11:53:06,-0.088639
2026-02-14 11:53:11,0.519474
2026-02-14 11:53:34,-0.213834
2026-02-14 11:53:36,0.334149
2026-02-14 11:53:43,-0.182539
2026-02-14 11:54:00,0.04961
2026-02-14 11:56:33,0.319421
2026-02-14 11:56:42,0.291697
2026-02-14 11:56:45,0.397774
2026-02-14 11:56:47,0.133025
2026-02-14 11:56:54,0.18906
2026-02-14 11:56:55,-0.106876
2026-02-14 11:56:56,0.005255
2026-02-14 11:57:10,-0.413124
2026-02-14 11:57:16,-0.417442
2026-02-14 11:57:18,0.719147
2026-02-14 11:57:18,-0.624621
2026-02-14 11:57:19,-0.062658
2026-02-14 11:57:19,0.460041
2026-02-14 11:57:19,-0.142867
2026-02-14 11:57:22,0.102558
2026-02-14 11:57:24,0.024696
2026-02-14 11:57:25,0.08536
2026-02-14 11:57:28,0.010408
2026-02-14 11:57:30,0.009263
2026-02-14 11:57:30,0.194059
2026-02-14 11:57:32,0.042254
2026-02-14 11:57:36,0.118457
2026-02-14 11:57:36,0.144786
2026-02-14 11:57:37,0.454122
2026-02-14 11:57:38,0.15151
2026-02-14 11:57:46,-0.388226
2026-02-14 11:57:47,0.124393
2026-02-14 11:57:47,0.203211
2026-02-14 11:57:52,0.005691
2026-02-14 11:57:52,0.198217
2026-02-14 11:58:02,0.26208
2026-02-14 11:58:05,0.348943
2026-02-14 11:58:06,0.045925
2026-02-14 11:58:08,0.40427
2026-02-14 11:58:14,0.414537
2026-02-14 11:58:16,0.391138
2026-02-14 11:58:19,0.017496
2026-02-14 11:58:25,-0.45989
2026-02-14 11:58:27,0.025501
2026-02-14 11:58:28,0.014749
2026-02-14 11:58:32,-0.744616
2026-02-14 12:00:00,0.142002
2026-02-14 12:01:53,-0.230782
2026-02-14 12:02:02,0.326696
2026-02-14 12:02:57,0.345064
2026-02-14 12:03:05,0.413745
2026-02-14 12:03:16,0.412561
2026-02-14 12:03:18,0.294814
2026-02-14 12:03:18,0.259487
2026-02-14 12:03:21,0.33431
2026-02-14 12:03:23,0.403762
2026-02-14 12:03:38,-0.149884
2026-02-14 12:03:41,0.113646
2026-02-14 12:09:28,0.284807
2026-02-14 12:12:00,0.292736
2026-02-14 12:15:11,0.433759
2026-02-14 12:15:23,0.019227
2026-02-14 12:15:25,0.317963
2026-02-14 12:16:48,0.054988
2026-02-14 12:16:53,0.10098
2026-02-14 12:16:59,0.463731
2026-02-14 12:17:10,0.337977
2026-02-14 12:17:16,0.318655
2026-02-14 12:17:22,0.0308
2026-02-14 12:17:22,0.294387
2026-02-14 12:17:25,0.36511
2026-02-14 12:17:30,0.452414
2026-02-14 12:17:30,-0.40006
2026-02-14 12:20:00,0.274504
2026-02-14 12:20:00,0.035487
2026-02-14 12:21:00,0.157491
2026-02-14 12:21:39,-0.433846
2026-02-14 12:26:00,0.036899
2026-02-14 12:26:13,0.898272
2026-02-14 12:26:19,0.485841
2026-02-14 12:26:22,0.294428
2026-02-14 12:26:39,-0.627173
2026-02-14 12:26:41,0.132938
2026-02-14 12:26:54,0.184801
2026-02-14 12:27:04,0.231964
2026-02-14 12:27:08,0.30381
2026-02-14 12:27:09,0.487641
2026-02-14 12:27:11,-0.387082
2026-02-14 12:27:12,0.456885
2026-02-14 12:27:13,0.224133
2026-02-14 12:27:14,0.398549
2026-02-14 12:27:15,0.004727
2026-02-14 12:27:15,0.032987
2026-02-14 12:27:15,-0.394556
2026-02-14 12:27:15,0.187543
2026-02-14 12:27:17,0.209812
2026-02-14 12:27:19,0.540558
2026-02-14 12:27:19,0.467758
2026-02-14 12:27:19,0.486372
2026-02-14 12:27:24,0.23523
2026-02-14 12:27:27,0.416802
2026-02-14 12:27:28,-0.120784
2026-02-14 12:27:28,-0.375171
2026-02-14 12:27:32,0.242472
2026-02-14 12:27:33,0.195186
2026-02-14 12:27:33,0.481195
2026-02-14 12:27:34,0.139771
2026-02-14 12:27:36,0.024268
2026-02-14 12:27:38,-0.258642
2026-02-14 12:27:41,-0.240898
2026-02-14 12:27:45,-0.32829
2026-02-14 12:27:47,-0.243475
2026-02-14 12:27:49,0.418715
2026-02-14 12:27:49,-0.632848
2026-02-14 12:27:56,0.406231
2026-02-14 12:27:58,0.413913
2026-02-14 12:27:58,0.420197
2026-02-14 12:28:00,0.054523
2026-02-14 12:28:14,0.46977
2026-02-14 12:28:16,0.810369
2026-02-14 12:28:20,0.030678
2026-02-14 12:28:22,0.269473
2026-02-14 12:29:26,0.088409
2026-02-14 12:30:00,0.403029
2026-02-14 12:32:30,0.315109
2026-02-14 12:33:00,-0.272225
2026-02-14 12:34:00,-0.426235
2026-02-14 12:34:36,-0.253235
2026-02-14 12:36:00,0.415076
2026-02-14 12:39:32,0.152206
2026-02-14 12:41:38,0.120241
2026-02-14 12:42:00,0.044766
2026-02-14 12:43:00,0.222369
2026-02-14 12:44:00,0.128909
2026-02-14 12:44:00,0.123664
2026-02-14 12:44:00,0.110999
2026-02-14 12:44:00,0.133818
2026-02-14 12:44:00,0.135948
2026-02-14 12:44:36,0.166992
2026-02-14 12:45:20,-0.260842
2026-02-14 12:47:23,0.331376
2026-02-14 12:56:22,0.258834
2026-02-14 12:56:43,0.716735
2026-02-14 12:57:05,0.105296
2026-02-14 12:57:05,0.213716
2026-02-14 12:57:12,-0.443243
2026-02-14 12:57:12,0.187932
2026-02-14 12:57:14,0.499417
2026-02-14 12:57:16,-0.248985
2026-02-14 12:57:17,0.524681
2026-02-14 12:57:17,0.11665
2026-02-14 12:57:19,-0.841462
2026-02-14 12:57:20,0.026176
2026-02-14 12:57:21,-0.645838
2026-02-14 12:57:21,0.333714
2026-02-14 12:57:21,0.228975
2026-02-14 12:57:22,-0.207676
2026-02-14 12:57:24,0.421654
2026-02-14 12:57:24,0.412971
2026-02-14 12:57:24,0.809379
2026-02-14 12:57:25,0.141936
2026-02-14 12:57:25,0.285583
2026-02-14 12:57:27,0.222126
2026-02-14 12:57:28,0.406898
2026-02-14 12:57:28,0.300847
2026-02-14 12:57:32,0.264803
2026-02-14 12:57:34,-0.243482
2026-02-14 12:57:36,0.515683
2026-02-14 12:57:37,-0.332681
2026-02-14 12:57:40,0.327738
2026-02-14 12:57:41,-0.284762
2026-02-14 12:57:42,-0.207629
2026-02-14 12:57:42,0.451281
2026-02-14 12:57:42,-0.199101
2026-02-14 12:57:43,-0.253576
2026-02-14 12:57:45,-0.276683
2026-02-14 12:57:46,-0.103863
2026-02-14 12:57:47,0.538423
2026-02-14 12:57:53,0.602124
2026-02-14 12:57:55,0.033667
2026-02-14 12:58:00,0.018505
2026-02-14 12:58:02,0.573149
2026-02-14 12:58:04,-0.129039
2026-02-14 12:58:05,-0.206807
2026-02-14 12:58:05,-0.602702
2026-02-14 12:58:08,-0.210675
2026-02-14 12:58:09,0.348767
2026-02-14 12:58:19,-0.281257
2026-02-14 12:58:24,0.26689
2026-02-14 12:58:25,-0.210795
2026-02-14 12:58:25,-0.640328
2026-02-14 12:58:26,0.127023
2026-02-14 12:58:32,0.338063
2026-02-14 12:58:34,-0.041126
2026-02-14 12:59:34,-0.474619
2026-02-14 13:02:00,0.288374
2026-02-14 13:02:00,0.373586
2026-02-14 13:02:58,0.262836
2026-02-14 13:03:12,0.382915
2026-02-14 13:03:39,-0.126502
2026-02-14 13:04:00,-0.280896
2026-02-14 13:06:42,0.495726
2026-02-14 13:08:26,0.006468
2026-02-14 13:09:38,0.388829
2026-02-14 13:09:44,0.327987
2026-02-14 13:09:49,0.106431
2026-02-14 13:11:45,0.287375
2026-02-14 13:12:00,-0.422751
2026-02-14 13:14:40,0.301476
2026-02-14 13:14:46,0.401219
2026-02-14 13:14:58,0.46665
2026-02-14 13:15:12,-0.206057
2026-02-14 13:15:31,-0.131361
2026-02-14 13:26:15,0.32252
2026-02-14 13:26:16,-0.108061
2026-02-14 13:26:47,0.475404
2026-02-14 13:26:47,0.126993
2026-02-14 13:26:56,0.605626
2026-02-14 13:27:12,0.387489
2026-02-14 13:27:14,0.232015
2026-02-14 13:27:16,0.273792
2026-02-14 13:27:16,-0.236079
2026-02-14 13:27:17,0.314743
2026-02-14 13:27:21,0.006525
2026-02-14 13:27:25,0.043275
2026-02-14 13:27:25,0.327441
2026-02-14 13:27:27,-0.212814
2026-02-14 13:27:30,0.42211
2026-02-14 13:27:31,0.074823
2026-02-14 13:27:32,0.514242
2026-02-14 13:27:36,0.559452
2026-02-14 13:27:37,0.231505
2026-02-14 13:27:37,0.390787
2026-02-14 13:27:38,-0.331978
2026-02-14 13:27:38,0.191478
2026-02-14 13:27:40,0.286176
2026-02-14 13:27:41,0.394937
2026-02-14 13:27:42,0.130039
2026-02-14 13:27:48,0.28788
2026-02-14 13:27:48,0.029131
2026-02-14 13:27:48,-0.166006
2026-02-14 13:27:49,0.309204
2026-02-14 13:27:50,-0.210053
2026-02-14 13:27:51,0.297795
2026-02-14 13:27:51,0.514089
2026-02-14 13:27:52,0.292404
2026-02-14 13:27:54,-0.440447
2026-02-14 13:27:56,0.440743
2026-02-14 13:27:57,0.258219
2026-02-14 13:27:59,0.292957
2026-02-14 13:27:59,0.249084
2026-02-14 13:27:59,-0.239034
2026-02-14 13:28:00,0.459358
2026-02-14 13:28:03,-0.238577
2026-02-14 13:28:04,0.183234
2026-02-14 13:28:04,-0.357868
2026-02-14 13:28:06,0.325595
2026-02-14 13:28:08,0.340224
2026-02-14 13:28:09,0.525432
2026-02-14 13:28:10,0.274641
2026-02-14 13:28:18,-0.635543
2026-02-14 13:28:20,-0.084251
2026-02-14 13:28:21,0.311256
2026-02-14 13:28:23,0.183406
2026-02-14 13:28:24,-0.469848
2026-02-14 13:28:25,0.256929
2026-02-14 13:28:29,0.220208
2026-02-14 13:28:32,0.27492
2026-02-14 13:30:00,0.400168
2026-02-14 13:35:48,0.035261
2026-02-14 13:35:52,0.282865
2026-02-14 13:38:00,0.139561
2026-02-14 13:38:01,0.257026
2026-02-14 13:40:00,-0.210953
2026-02-14 13:40:21,0.321943
2026-02-14 13:44:00,0.112284
2026-02-14 13:48:44,0.523556
2026-02-14 13:48:51,0.38422
2026-02-14 13:52:00,0.269241
2026-02-14 13:54:00,0.102031
2026-02-14 13:56:32,0.272541
2026-02-14 13:56:46,0.098954
2026-02-14 13:56:58,0.307302
2026-02-14 13:57:07,0.211195
2026-02-14 13:57:12,0.169125
2026-02-14 13:57:17,-0.434381
2026-02-14 13:57:17,0.458487
2026-02-14 13:57:18,-0.404544
2026-02-14 13:57:21,0.123492
2026-02-14 13:57:26,0.343309
2026-02-14 13:57:32,0.868404
2026-02-14 13:57:33,-0.409106
2026-02-14 13:57:33,0.046766
2026-02-14 13:57:36,0.260263
2026-02-14 13:57:36,0.319158
2026-02-14 13:57:36,0.47006
2026-02-14 13:57:36,-0.135784
2026-02-14 13:57:37,0.270703
2026-02-14 13:57:40,0.427714
2026-02-14 13:57:42,0.260222
2026-02-14 13:57:43,0.404125
2026-02-14 13:57:43,0.213889
2026-02-14 13:57:44,0.290639
2026-02-14 13:57:44,-0.463105
2026-02-14 13:57:46,0.467302
2026-02-14 13:57:48,-0.217245
2026-02-14 13:57:51,0.493814
2026-02-14 13:57:53,0.444733
2026-02-14 13:57:55,0.801274
2026-02-14 13:57:55,0.445649
2026-02-14 13:58:10,0.487615
2026-02-14 13:58:47,-0.381541
2026-02-14 13:59:37,0.212134
2026-02-14 14:01:00,-0.228049
2026-02-14 14:07:04,0.027507
2026-02-14 14:10:00,-0.291282
2026-02-14 14:11:00,0.27324
2026-02-14 14:14:00,0.13686
2026-02-14 14:16:00,0.337589
2026-02-14 14:17:38,0.139784
2026-02-14 14:19:10,0.435749
2026-02-14 14:20:55,-0.424235
2026-02-14 14:24:16,0.400833
2026-02-14 14:25:57,0.070475
2026-02-14 14:26:21,0.054217
2026-02-14 14:26:26,0.056926
2026-02-14 14:26:27,0.419668
2026-02-14 14:26:58,-0.089806
2026-02-14 14:27:05,0.443274
2026-02-14 14:27:14,-0.060839
2026-02-14 14:27:16,-0.501279
2026-02-14 14:27:18,0.058664
2026-02-14 14:27:21,0.281683
2026-02-14 14:27:23,0.045465
2026-02-14 14:27:27,0.415373
2026-02-14 14:27:33,0.045928
2026-02-14 14:27:34,0.101338
2026-02-14 14:27:39,0.240236
2026-02-14 14:27:40,0.294646
2026-02-14 14:27:44,0.245482
2026-02-14 14:27:53,-0.287112
2026-02-14 14:28:00,0.51866
2026-02-14 14:28:07,0.136196
2026-02-14 14:28:20,0.021366
2026-02-14 14:28:21,0.502862
2026-02-14 14:30:00,0.347006
2026-02-14 14:30:39,0.107761
2026-02-14 14:33:59,0.059406
2026-02-14 14:35:25,-0.184401
2026-02-14 14:36:00,0.334965
2026-02-14 14:36:31,0.033692
2026-02-14 14:38:00,0.445814
2026-02-14 14:41:00,0.003151
2026-02-14 14:41:05,0.309478
2026-02-14 14:42:00,0.268744
2026-02-14 14:42:47,0.287803
2026-02-14 14:43:18,-0.646779
2026-02-14 14:46:00,0.143716
2026-02-14 14:48:00,0.439854
2026-02-14 14:56:15,0.262715
2026-02-14 14:56:35,0.132439
2026-02-14 14:56:41,-0.205422
2026-02-14 14:57:33,0.047916
2026-02-14 14:57:33,-0.215805
2026-02-14 14:57:40,0.479433
2026-02-14 14:57:43,0.148819
2026-02-14 14:57:43,-0.236051
2026-02-14 14:57:44,0.317283
2026-02-14 14:57:44,0.346902
2026-02-14 14:57:54,0.43639
2026-02-14 14:58:00,0.438799
2026-02-14 14:58:03,0.342461
2026-02-14 14:58:07,-0.064704
2026-02-14 14:58:13,0.019085
2026-02-14 14:58:13,0.636381
2026-02-14 14:58:14,0.048572
2026-02-14 14:58:26,0.022
2026-02-14 14:58:33,0.312935
2026-02-14 15:02:23,-0.500181
2026-02-14 15:08:00,0.26924
2026-02-14 15:10:00,0.516598
2026-02-14 15:19:16,0.339198
2026-02-14 15:26:37,0.432384
2026-02-14 15:27:00,0.001642
2026-02-14 15:27:08,0.439325
2026-02-14 15:27:24,0.026785
2026-02-14 15:27:26,0.261627
2026-02-14 15:27:26,0.445279
2026-02-14 15:27:30,0.340783
2026-02-14 15:27:35,0.104698
2026-02-14 15:27:42,0.290191
2026-02-14 15:27:45,0.266584
2026-02-14 15:27:45,0.409918
2026-02-14 15:27:49,0.023528
2026-02-14 15:27:53,0.445722
2026-02-14 15:31:54,0.047448
2026-02-14 15:32:00,0.4286
2026-02-14 15:35:56,-0.252899
2026-02-14 15:44:00,0.004941
2026-02-14 15:46:10,0.274342
2026-02-14 15:46:17,0.119743
2026-02-14 15:54:38,0.541546
2026-02-14 15:54:40,0.346551
2026-02-14 15:54:52,0.391641
2026-02-14 15:56:30,0.004146
2026-02-14 15:56:30,0.347155
2026-02-14 15:57:18,0.425588
2026-02-14 15:57:23,-0.109076
2026-02-14 15:57:23,0.30848
2026-02-14 15:57:40,0.393797
2026-02-14 15:57:43,-0.153013
2026-02-14 15:57:44,0.331505
2026-02-14 15:57:55,0.059305
2026-02-14 15:57:55,0.167567
2026-02-14 15:57:58,0.101855
2026-02-14 15:58:03,-0.911347
2026-02-14 15:58:09,-0.640313
2026-02-14 15:58:13,0.450555
2026-02-14 16:10:00,0.304705
2026-02-14 16:14:22,0.0348
2026-02-14 16:18:00,-0.286936
2026-02-14 16:20:00,0.022904
2026-02-14 16:20:02,0.171959
2026-02-14 16:21:00,0.125434
2026-02-14 16:22:00,0.124655
2026-02-14 16:26:12,-0.111281
2026-02-14 16:26:22,-0.087731
2026-02-14 16:26:40,-0.611749
2026-02-14 16:27:21,-0.242694
2026-02-14 16:27:22,0.004836
2026-02-14 16:27:26,0.346365
2026-02-14 16:27:27,0.027218
2026-02-14 16:27:29,-0.469692
2026-02-14 16:27:36,0.067151
2026-02-14 16:27:44,0.006724
2026-02-14 16:27:44,-0.434949
2026-02-14 16:27:44,-0.814987
2026-02-14 16:27:50,0.277798
2026-02-14 16:28:00,0.306366
2026-02-14 16:28:05,0.036714
2026-02-14 16:28:11,0.229198
2026-02-14 16:28:28,0.075416
2026-02-14 16:38:00,0.004795
2026-02-14 16:40:00,0.184452
2026-02-14 16:42:00,0.104639
2026-02-14 16:45:00,0.019175
2026-02-14 16:45:51,0.384079
2026-02-14 16:53:33,0.017007
2026-02-14 16:56:45,0.318886
2026-02-14 16:56:50,0.346093
2026-02-14 16:56:58,0.305262
2026-02-14 16:57:05,0.117794
2026-02-14 16:57:10,0.116662
2026-02-14 16:57:12,0.247723
2026-02-14 16:57:16,0.625525
2026-02-14 16:57:23,0.056614
2026-02-14 16:57:28,-0.825257
2026-02-14 16:57:28,0.035386
2026-02-14 16:57:30,-0.635138
2026-02-14 16:57:32,-0.208159
2026-02-14 16:57:43,-0.833316
2026-02-14 16:57:56,0.287121
2026-02-14 16:58:19,0.199895
2026-02-14 17:01:37,0.032489
2026-02-14 17:02:00,0.418915
2026-02-14 17:02:18,-0.073619
2026-02-14 17:04:00,0.055008
2026-02-14 17:04:41,0.194915
2026-02-14 17:06:00,0.426481
2026-02-14 17:08:00,0.009528
2026-02-14 17:09:00,0.256355
2026-02-14 17:11:42,0.411743
2026-02-14 17:12:00,0.475282
2026-02-14 17:12:00,0.432301
2026-02-14 17:13:49,-0.485182
2026-02-14 17:15:00,-0.203497
2026-02-14 17:18:00,0.48439
2026-02-14 17:24:00,0.014897
2026-02-14 17:25:00,0.039392
2026-02-14 17:26:36,0.036947
2026-02-14 17:26:39,0.120627
2026-02-14 17:27:08,0.015462
2026-02-14 17:27:23,0.29167
2026-02-14 17:27:34,0.030095
2026-02-14 17:27:39,0.491301
2026-02-14 17:27:43,0.036245
2026-02-14 17:27:53,0.320019
2026-02-14 17:27:59,0.02976
2026-02-14 17:28:01,0.015195
2026-02-14 17:28:07,0.417463
2026-02-14 17:31:50,0.276024
2026-02-14 17:34:00,0.26236
2026-02-14 17:37:59,0.219424
2026-02-14 17:39:19,0.32169
2026-02-14 17:39:26,0.106156
2026-02-14 17:39:37,0.219123
2026-02-14 17:45:05,0.195458
2026-02-14 17:45:24,0.288442
2026-02-14 17:45:30,0.473098
2026-02-14 17:46:52,0.036314
2026-02-14 17:48:00,0.303394
2026-02-14 17:48:08,-0.076832
2026-02-14 17:49:55,-0.712147
2026-02-14 17:49:57,0.247619
2026-02-14 17:50:28,0.436527
2026-02-14 17:50:50,0.317438
2026-02-14 17:54:00,0.438333
2026-02-14 17:56:00,-0.261679
2026-02-14 17:56:31,0.452036
2026-02-14 17:56:43,0.283127
2026-02-14 17:56:47,0.310501
2026-02-14 17:56:49,0.24698
2026-02-14 17:57:07,0.029898
2026-02-14 17:57:26,0.329302
2026-02-14 17:57:29,0.009344
2026-02-14 17:57:32,0.54237
2026-02-14 17:57:39,0.134519
2026-02-14 17:57:40,0.51619
2026-02-14 17:57:45,-0.607744
2026-02-14 17:57:46,0.227134
2026-02-14 17:57:52,-0.276612
2026-02-14 17:57:53,0.1029
2026-02-14 17:57:58,0.308217
2026-02-14 17:58:00,0.501625
2026-02-14 17:58:18,0.381779
2026-02-14 17:58:20,0.112535
2026-02-14 17:58:28,0.461191
2026-02-14 17:58:35,0.267069
2026-02-14 17:58:51,-0.463101
2026-02-14 18:00:00,0.28185
2026-02-14 18:02:00,0.431967
2026-02-14 18:04:50,0.244597
2026-02-14 18:04:59,0.188853
2026-02-14 18:05:44,0.039385
2026-02-14 18:07:56,0.316869
2026-02-14 18:08:00,0.52152
2026-02-14 18:10:00,0.47667
2026-02-14 18:12:00,0.016724
2026-02-14 18:12:00,0.255337
2026-02-14 18:14:00,-0.247356
2026-02-14 18:22:00,0.406742
2026-02-14 18:22:59,0.166399
2026-02-14 18:24:00,0.439652
2026-02-14 18:26:46,0.480877
2026-02-14 18:26:51,0.432774
2026-02-14 18:26:57,0.301214
2026-02-14 18:27:16,0.018921
2026-02-14 18:27:21,0.00507
2026-02-14 18:27:26,0.400542
2026-02-14 18:27:39,0.414351
2026-02-14 18:27:40,-0.047288
2026-02-14 18:27:51,-0.459151
2026-02-14 18:28:00,0.175455
2026-02-14 18:30:00,0.107794
2026-02-14 18:32:00,0.407271
2026-02-14 18:32:25,0.478045
2026-02-14 18:36:00,0.285441
2026-02-14 18:42:31,0.140857
2026-02-14 18:44:00,0.327931
2026-02-14 18:45:02,0.019339
2026-02-14 18:48:00,0.409703
2026-02-14 18:50:00,0.50287
2026-02-14 18:52:00,0.446107
2026-02-14 18:55:00,0.062592
2026-02-14 18:55:00,-0.161478
2026-02-14 18:56:26,0.095658
2026-02-14 18:56:56,-0.29022
2026-02-14 18:57:19,0.520077
2026-02-14 18:57:22,0.117246
2026-02-14 18:57:26,0.023906
2026-02-14 18:57:31,-0.205152
2026-02-14 18:57:34,0.441467
2026-02-14 18:57:39,0.035247
2026-02-14 18:57:49,-0.381168
2026-02-14 18:57:54,0.206831
2026-02-14 18:57:57,0.508636
2026-02-14 18:58:12,0.400928
2026-02-14 18:58:15,0.022933
2026-02-14 18:58:50,-0.243485
2026-02-14 19:04:00,0.007795
2026-02-14 19:08:00,0.021194
2026-02-14 19:08:00,0.147614
2026-02-14 19:16:00,0.310883
2026-02-14 19:24:00,-0.296976
2026-02-14 19:25:40,-0.085998
2026-02-14 19:26:31,0.248197
2026-02-14 19:26:50,0.106946
2026-02-14 19:27:00,0.134703
2026-02-14 19:27:04,0.012545
2026-02-14 19:27:10,0.408118
2026-02-14 19:27:15,0.327355
2026-02-14 19:27:27,0.48009
2026-02-14 19:27:29,-0.346589
2026-02-14 19:27:31,0.166296
2026-02-14 19:27:31,0.198877
2026-02-14 19:27:36,0.039667
2026-02-14 19:27:39,0.089316
2026-02-14 19:27:39,0.129576
2026-02-14 19:27:45,0.448403
2026-02-14 19:27:48,0.17185
2026-02-14 19:28:01,0.017717
2026-02-14 19:28:05,0.044317
2026-02-14 19:28:12,0.382636
2026-02-14 19:28:21,0.021116
2026-02-14 19:36:00,0.022301
2026-02-14 19:37:07,0.143861
2026-02-14 19:40:04,0.165496
2026-02-14 19:40:24,0.140036
2026-02-14 19:41:20,0.218445
2026-02-14 19:42:00,0.024048
2026-02-14 19:45:38,-0.24501
2026-02-14 19:49:08,0.412555
2026-02-14 19:49:31,0.16941
2026-02-14 19:51:29,0.061193
2026-02-14 19:52:28,0.006187
2026-02-14 19:56:16,-0.283629
2026-02-14 19:56:26,0.299537
2026-02-14 19:56:48,0.207336
2026-02-14 19:57:19,0.059377
2026-02-14 19:57:21,0.211615
2026-02-14 19:57:35,0.210796
2026-02-14 19:57:38,-0.692067
2026-02-14 19:57:41,-0.411975
2026-02-14 19:57:42,0.319743
2026-02-14 19:57:45,0.357985
2026-02-14 19:57:50,0.007105
2026-02-14 19:57:54,0.342363
2026-02-14 19:57:54,0.055518
2026-02-14 19:57:54,0.182
2026-02-14 19:58:00,0.477699
2026-02-14 19:58:00,0.340831
2026-02-14 19:58:01,-0.644033
2026-02-14 19:58:04,0.44406
2026-02-14 19:58:09,0.497476
2026-02-14 19:58:24,0.258985
2026-02-14 19:58:32,-0.427824
2026-02-14 19:59:52,0.071786
2026-02-14 19:59:52,-0.149752
2026-02-14 20:04:00,0.034264
2026-02-14 20:05:33,0.306079
2026-02-14 20:06:00,0.420124
2026-02-14 20:08:00,-0.2228
2026-02-14 20:09:32,0.290185
2026-02-14 20:09:59,0.128295
2026-02-14 20:15:59,-0.056501
2026-02-14 20:20:00,0.000914
2026-02-14 20:25:00,0.227563
2026-02-14 20:26:27,0.013756
2026-02-14 20:27:12,0.02955
2026-02-14 20:27:29,-0.445138
2026-02-14 20:27:30,0.003397
2026-02-14 20:27:34,0.158661
2026-02-14 20:27:37,0.021798
2026-02-14 20:27:39,0.044252
2026-02-14 20:28:00,0.120243
2026-02-14 20:28:02,0.730282
2026-02-14 20:28:07,0.302198
2026-02-14 20:28:09,0.148195
2026-02-14 20:28:10,-0.245576
2026-02-14 20:28:20,0.300843
2026-02-14 20:32:47,0.035154
2026-02-14 20:34:30,0.052018
2026-02-14 20:34:44,0.030368
2026-02-14 20:34:46,0.479361
2026-02-14 20:36:09,-0.17991
2026-02-14 20:38:20,0.268867
2026-02-14 20:40:00,0.112766
2026-02-14 20:54:00,0.523474
2026-02-14 20:57:14,-0.091702
2026-02-14 20:57:28,0.265225
2026-02-14 20:57:33,0.122901
2026-02-14 20:57:33,0.01045
2026-02-14 20:57:35,0.411217
2026-02-14 20:57:36,-0.273003
2026-02-14 20:57:38,0.4315
2026-02-14 20:57:38,0.49777
2026-02-14 20:57:40,-0.407227
2026-02-14 20:57:40,0.163573
2026-02-14 20:57:40,0.037542
2026-02-14 20:57:42,0.356823
2026-02-14 20:57:51,0.007921
2026-02-14 20:57:53,-0.123652
2026-02-14 20:57:54,0.087529
2026-02-14 20:58:00,-0.079616
2026-02-14 20:58:17,0.140366
2026-02-14 20:58:27,0.210592
2026-02-14 20:58:28,-0.410342
2026-02-14 21:01:46,0.631285
2026-02-14 21:02:06,0.477747
2026-02-14 21:05:00,0.029922
2026-02-14 21:09:00,0.321494
2026-02-14 21:12:00,-0.081569
2026-02-14 21:18:00,0.276915
2026-02-14 21:20:00,0.024084
2026-02-14 21:20:14,-0.020236
2026-02-14 21:26:00,0.063613
2026-02-14 21:26:00,0.035061
2026-02-14 21:26:26,0.401781
2026-02-14 21:26:38,0.406982
2026-02-14 21:26:57,0.645073
2026-02-14 21:26:58,0.047697
2026-02-14 21:26:58,0.141406
2026-02-14 21:27:09,0.505409
2026-02-14 21:27:13,0.709583
2026-02-14 21:27:16,0.129013
2026-02-14 21:27:24,-0.232308
2026-02-14 21:27:26,0.473581
2026-02-14 21:27:29,0.026692
2026-02-14 21:27:32,-0.413566
2026-02-14 21:27:35,0.428918
2026-02-14 21:27:37,0.331116
2026-02-14 21:27:45,0.026472
2026-02-14 21:27:50,-0.401278
2026-02-14 21:27:56,-0.185883
2026-02-14 21:28:07,0.019785
2026-02-14 21:28:12,0.517513
2026-02-14 21:28:15,0.211181
2026-02-14 21:28:19,-0.225891
2026-02-14 21:28:25,0.626903
2026-02-14 21:28:27,0.525929
2026-02-14 21:38:00,0.402412
2026-02-14 21:46:00,0.000943
2026-02-14 21:49:53,0.01936
2026-02-14 21:56:41,-0.106249
2026-02-14 21:57:21,0.168719
2026-02-14 21:57:32,0.143775
2026-02-14 21:57:38,0.113961
2026-02-14 21:58:03,0.084442
2026-02-14 21:58:18,-0.399719
2026-02-14 21:58:27,-0.400368
2026-02-14 21:58:28,0.254741
2026-02-14 21:58:42,0.045769
2026-02-14 22:06:11,-0.269056
2026-02-14 22:07:00,0.039875
2026-02-14 22:08:00,-0.203665
2026-02-14 22:11:00,0.25921
2026-02-14 22:16:34,0.226431
2026-02-14 22:21:14,0.298683
2026-02-14 22:26:37,-0.447752
2026-02-14 22:26:53,0.442147
2026-02-14 22:27:28,-0.386557
2026-02-14 22:27:29,0.407483
2026-02-14 22:27:30,-0.319294
2026-02-14 22:27:30,-0.244202
2026-02-14 22:27:35,0.427398
2026-02-14 22:27:37,0.39542
2026-02-14 22:27:52,-0.714162
2026-02-14 22:28:05,0.332392
2026-02-14 22:28:08,0.327178
2026-02-14 22:28:08,-0.192865
2026-02-14 22:30:00,0.509541
2026-02-14 22:30:55,0.013026
2026-02-14 22:31:11,-0.053314
2026-02-14 22:31:24,0.340457
2026-02-14 22:33:01,-0.093182
2026-02-14 22:49:20,0.327855
2026-02-14 22:57:02,0.209892
2026-02-14 22:57:12,0.015452
2026-02-14 22:57:32,0.020484
2026-02-14 22:57:47,0.320106
2026-02-14 22:57:51,0.41622
2026-02-14 23:01:37,0.149252
2026-02-14 23:03:28,-0.025922
2026-02-14 23:04:00,-0.27908
2026-02-14 23:04:17,0.188077
2026-02-14 23:06:00,0.227422
2026-02-14 23:09:00,0.284212
2026-02-14 23:11:24,-0.088011
2026-02-14 23:12:00,0.122889
2026-02-14 23:16:00,0.012541
2026-02-14 23:18:00,-0.201138
2026-02-14 23:26:42,0.433515
2026-02-14 23:27:04,0.235423
2026-02-14 23:27:21,0.171342
2026-02-14 23:27:21,0.338631
2026-02-14 23:27:28,0.006038
2026-02-14 23:27:31,0.21355
2026-02-14 23:27:39,-0.089761
2026-02-14 23:27:40,0.441655
2026-02-14 23:27:46,0.060435
2026-02-14 23:27:57,0.308576
2026-02-14 23:28:00,0.12348
2026-02-14 23:33:00,0.006617
2026-02-14 23:45:00,0.356484
2026-02-14 23:52:00,0.300408
2026-02-14 23:56:39,0.006393
2026-02-14 23:56:58,0.047829
2026-02-14 23:57:14,0.189299
2026-02-14 23:57:14,0.025881
2026-02-14 23:57:20,0.333524
2026-02-14 23:57:21,0.148749
2026-02-14 23:57:23,0.464375
2026-02-14 23:57:25,0.279218
2026-02-14 23:57:26,0.016612
2026-02-14 23:57:28,0.214087
2026-02-14 23:57:33,0.173279
2026-02-14 23:57:49,-0.210741
2026-02-14 23:58:22,0.021235
2026-02-14 23:58:38,0.139359
2026-02-14 23:59:00,-0.733276
2026-02-15 00:00:00,0.101116
2026-02-15 00:06:50,-0.044282
2026-02-15 00:10:12,-0.206805
2026-02-15 00:11:13,0.322477
2026-02-15 00:17:28,0.137128
2026-02-15 00:21:22,0.404361
2026-02-15 00:26:37,-0.416811
2026-02-15 00:26:50,-0.42764
2026-02-15 00:27:00,-0.207307
2026-02-15 00:27:32,0.392443
2026-02-15 00:27:37,0.234893
2026-02-15 00:27:47,0.192436
2026-02-15 00:27:53,0.071033
2026-02-15 00:27:57,0.151136
2026-02-15 00:27:59,0.125333
2026-02-15 00:28:05,0.061724
2026-02-15 00:28:33,0.403148
2026-02-15 00:29:59,0.459703
2026-02-15 00:30:00,0.019093
2026-02-15 00:35:14,-0.099597
2026-02-15 00:44:07,0.460419
2026-02-15 00:49:36,0.174256
2026-02-15 00:56:53,0.426216
2026-02-15 00:57:05,0.116128
2026-02-15 00:57:38,0.140882
2026-02-15 00:57:46,0.342246
2026-02-15 00:58:10,0.011621
2026-02-15 00:58:59,0.117491
2026-02-15 01:27:32,0.03912
2026-02-15 01:27:39,0.416085
2026-02-15 01:29:28,-0.03965
2026-02-15 01:30:00,0.257043
2026-02-15 01:39:38,0.489504
2026-02-15 01:49:29,0.018953
2026-02-15 01:52:45,0.259166
2026-02-15 01:53:43,0.529407
2026-02-15 01:57:03,0.171781
2026-02-15 01:57:41,0.209354
2026-02-15 02:26:37,0.436407
2026-02-15 02:27:35,0.038392
2026-02-15 02:40:10,0.318804
2026-02-15 02:56:57,0.030542
2026-02-15 02:57:42,0.404705
2026-02-15 03:07:24,0.014385
2026-02-15 03:07:24,0.190628
2026-02-15 03:07:28,-0.104116
2026-02-15 03:07:29,0.445051
2026-02-15 03:09:27,0.183051
2026-02-15 03:12:16,-0.067404
2026-02-15 03:12:39,0.404452
2026-02-15 03:12:48,0.046715
2026-02-15 03:12:48,0.084382
2026-02-15 03:12:48,-0.108283
2026-02-15 03:12:48,0.046547
2026-02-15 03:14:48,0.029426
2026-02-15 03:14:48,0.101387
2026-02-15 03:15:48,0.139224
2026-02-15 03:17:48,0.332764
2026-02-15 03:24:29,0.266504
2026-02-15 03:24:49,-0.213208
2026-02-15 03:27:01,0.402752
2026-02-15 03:27:01,0.073825
2026-02-15 03:27:01,0.414353
2026-02-15 03:27:15,0.015944
2026-02-15 03:27:15,0.371201
2026-02-15 03:28:42,0.019342
2026-02-15 03:34:43,0.420014
2026-02-15 03:38:21,0.012332
2026-02-15 03:38:24,0.488113
2026-02-15 03:39:00,0.138748
2026-02-15 03:50:25,0.043295
2026-02-15 03:56:32,0.011052
2026-02-15 03:56:36,0.196716
2026-02-15 03:56:43,0.313043
2026-02-15 03:57:19,0.005693
2026-02-15 03:57:27,-0.084854
2026-02-15 03:57:36,0.127115
2026-02-15 03:57:46,-0.260853
2026-02-15 04:02:14,0.100847
2026-02-15 04:21:58,-0.143321
2026-02-15 04:25:34,0.037867
2026-02-15 04:26:38,0.32078
2026-02-15 04:26:42,0.266685
2026-02-15 04:28:01,0.404298
2026-02-15 04:31:01,0.112562
2026-02-15 04:56:50,-0.404824
2026-02-15 04:58:13,0.141518
2026-02-15 05:26:35,0.412871
2026-02-15 05:27:01,0.430402
2026-02-15 05:27:40,0.271068
2026-02-15 05:27:59,0.136276
2026-02-15 05:33:34,0.05674
2026-02-15 05:57:34,0.036396
2026-02-15 05:57:58,-0.122228
2026-02-15 05:58:14,-0.221483
2026-02-15 05:59:59,0.186405
2026-02-15 06:17:45,0.408326
2026-02-15 06:19:26,0.447611
2026-02-15 06:28:47,-0.615055
2026-02-15 06:32:10,0.127542
2026-02-15 06:43:50,0.275958
2026-02-15 06:51:51,0.02624
2026-02-15 06:56:51,0.454493
2026-02-15 06:57:36,0.025816
2026-02-15 06:57:36,0.060935
2026-02-15 06:58:03,0.60953
2026-02-15 07:00:40,0.261568
2026-02-15 07:02:16,0.382793
2026-02-15 07:03:44,0.026593
2026-02-15 07:13:28,0.002625
2026-02-15 07:36:33,0.241679
2026-02-15 07:49:38,0.228273
2026-02-15 07:50:37,0.286672
